url_path,views_total,views_unique
/pbs-assess/pacea,15,7
/pbs-assess/pacea/blob/b24309dc951d7864af9f894d6d9e778755ea78b1/vignettes/oisst.Rmd,5,1
/pbs-assess/pacea/blob/main/inst/CITATION,3,1
/pbs-assess/pacea/blob/main/talks/pacea-release-talk-dfo.pdf,3,1
/pbs-assess/pacea/tree/main/data-raw,3,1
/pbs-assess/pacea/tree/main/data-raw/coastline,3,1
/pbs-assess/pacea/tree/main/R,3,1
/pbs-assess/pacea/blob/b24309dc951d7864af9f894d6d9e778755ea78b1/vignettes/oisst.html,2,1
/pbs-assess/pacea/blob/main/data-raw/coastline/coastline-eez.R,2,1
/pbs-assess/pacea/blob/main/man/figures/README-bccm.png,2,1
